1791529013.849457166	CPUInfer[0x26caf730]: Hello
1791529013.852493081	WorkerPool[0x26cba690] 1 subpools, [numa:threads][0:10] 
1791529013.855008714	===========In NumaPool============
1791529013.857803296	In Numa Worker Pool at NUMA 0, 10 threads
1791529015.464964377	TP MOE layer 0, pool: 0x26cba690, expert num: 128, num_experts_per_tok: 6
1791529015.475700126	Created AVX2_GPTQ_INT4_MOE_TP 0 at numa 0 (group_size=64)
1791529015.755092321	TP MOE layer 0, pool: 0x26cba690, expert num: 128, num_experts_per_tok: 6
1791529015.770899255	Created AVX2_GPTQ_INT4_MOE_TP 0 at numa 0 (group_size=64)
1791529016.042739926	TP MOE layer 0, pool: 0x26cba690, expert num: 128, num_experts_per_tok: 6
1791529016.056863844	Created AVX2_GPTQ_INT4_MOE_TP 0 at numa 0 (group_size=64)
1791529016.331154619	TP MOE layer 0, pool: 0x26cba690, expert num: 128, num_experts_per_tok: 6
1791529016.345274072	Created AVX2_GPTQ_INT4_MOE_TP 0 at numa 0 (group_size=64)
1791529019.655073494	{"backend": "gptq4", "threads": 10, "qlen": 1, "calls": 1176, "ms_per_layer": 2.551, "ms_per_step": 58.7, "tok_per_s": 17.0, "experts_touched": 6.0, "gbps": 13.2}
1791529022.672050861	{"backend": "gptq4", "threads": 10, "qlen": 2, "calls": 607, "ms_per_layer": 4.945, "ms_per_step": 113.7, "tok_per_s": 17.6, "experts_touched": 12.0, "gbps": 13.62}
1791529025.721891551	{"backend": "gptq4", "threads": 10, "qlen": 4, "calls": 319, "ms_per_layer": 9.421, "ms_per_step": 216.7, "tok_per_s": 18.5, "experts_touched": 22.5, "gbps": 13.4}
1791529028.796348088	{"backend": "gptq4", "threads": 10, "qlen": 8, "calls": 166, "ms_per_layer": 18.082, "ms_per_step": 415.9, "tok_per_s": 19.2, "experts_touched": 40.2, "gbps": 12.49}
1791529031.947034948	{"backend": "gptq4", "threads": 10, "qlen": 16, "calls": 89, "ms_per_layer": 34.009, "ms_per_step": 782.2, "tok_per_s": 20.5, "experts_touched": 68.8, "gbps": 11.35}
1791529031.949910437	CPUInfer[0x26caf730]: Goodbye
