1791528987.421911043	CPUInfer[0x3255f6b0]: Hello
1791528987.424510308	WorkerPool[0x3256a610] 1 subpools, [numa:threads][0:10] 
1791528987.427180990	===========In NumaPool============
1791528987.430574559	In Numa Worker Pool at NUMA 0, 10 threads
1791528989.011998504	TP MOE layer 0, pool: 0x3256a610, expert num: 128, num_experts_per_tok: 6
1791528989.020464071	Created AVX2_GPTQ_INT4_MOE_TP 0 at numa 0 (group_size=64)
1791528989.268359092	TP MOE layer 0, pool: 0x3256a610, expert num: 128, num_experts_per_tok: 6
1791528989.280896781	Created AVX2_GPTQ_INT4_MOE_TP 0 at numa 0 (group_size=64)
1791528989.526106071	TP MOE layer 0, pool: 0x3256a610, expert num: 128, num_experts_per_tok: 6
1791528989.538949203	Created AVX2_GPTQ_INT4_MOE_TP 0 at numa 0 (group_size=64)
1791528989.781652852	TP MOE layer 0, pool: 0x3256a610, expert num: 128, num_experts_per_tok: 6
1791528989.794228356	Created AVX2_GPTQ_INT4_MOE_TP 0 at numa 0 (group_size=64)
1791528993.078526760	{"backend": "gptq4", "threads": 10, "qlen": 1, "calls": 1401, "ms_per_layer": 2.141, "ms_per_step": 49.3, "tok_per_s": 20.3, "experts_touched": 6.0, "gbps": 15.73}
1791528996.094950848	{"backend": "gptq4", "threads": 10, "qlen": 2, "calls": 723, "ms_per_layer": 4.154, "ms_per_step": 95.5, "tok_per_s": 20.9, "experts_touched": 11.8, "gbps": 15.88}
1791528999.132811474	{"backend": "gptq4", "threads": 10, "qlen": 4, "calls": 373, "ms_per_layer": 8.06, "ms_per_step": 185.4, "tok_per_s": 21.6, "experts_touched": 22.2, "gbps": 15.49}
1791529002.195869471	{"backend": "gptq4", "threads": 10, "qlen": 8, "calls": 192, "ms_per_layer": 15.632, "ms_per_step": 359.5, "tok_per_s": 22.3, "experts_touched": 40.2, "gbps": 14.45}
1791529005.314201647	{"backend": "gptq4", "threads": 10, "qlen": 16, "calls": 102, "ms_per_layer": 29.55, "ms_per_step": 679.7, "tok_per_s": 23.5, "experts_touched": 67.6, "gbps": 12.84}
1791529005.316933034	CPUInfer[0x3255f6b0]: Goodbye
