1791528971.595583190	CPUInfer[0xccf68d0]: Hello
1791528971.598949696	WorkerPool[0xccf7220] 1 subpools, [numa:threads][0:16] 
1791528971.601397247	===========In NumaPool============
1791528971.604920492	In Numa Worker Pool at NUMA 0, 16 threads
1791528972.246003170	TP MOE layer 0, pool: 0xccf7220, expert num: 128, num_experts_per_tok: 6
1791528972.249509409	Created AVXVNNI256_GPTQ_INT4_PACKED_MOE_TP 0 at numa 0 (group_size=64, packed int4 resident)
1791528972.388550953	TP MOE layer 0, pool: 0xccf7220, expert num: 128, num_experts_per_tok: 6
1791528972.394016052	Created AVXVNNI256_GPTQ_INT4_PACKED_MOE_TP 0 at numa 0 (group_size=64, packed int4 resident)
1791528972.537479753	TP MOE layer 0, pool: 0xccf7220, expert num: 128, num_experts_per_tok: 6
1791528972.543010095	Created AVXVNNI256_GPTQ_INT4_PACKED_MOE_TP 0 at numa 0 (group_size=64, packed int4 resident)
1791528972.684145106	TP MOE layer 0, pool: 0xccf7220, expert num: 128, num_experts_per_tok: 6
1791528972.689784610	Created AVXVNNI256_GPTQ_INT4_PACKED_MOE_TP 0 at numa 0 (group_size=64, packed int4 resident)
1791528975.884136901	{"backend": "vnni4", "threads": 16, "qlen": 1, "calls": 3314, "ms_per_layer": 0.905, "ms_per_step": 20.8, "tok_per_s": 48.0, "experts_touched": 6.0, "gbps": 41.33}
1791528978.890652966	{"backend": "vnni4", "threads": 16, "qlen": 2, "calls": 1850, "ms_per_layer": 1.622, "ms_per_step": 37.3, "tok_per_s": 53.6, "experts_touched": 11.5, "gbps": 44.22}
1791528981.951086911	{"backend": "vnni4", "threads": 16, "qlen": 4, "calls": 1002, "ms_per_layer": 2.997, "ms_per_step": 68.9, "tok_per_s": 58.0, "experts_touched": 21.8, "gbps": 45.26}
1791528985.042764707	{"backend": "vnni4", "threads": 16, "qlen": 8, "calls": 536, "ms_per_layer": 5.607, "ms_per_step": 129.0, "tok_per_s": 62.0, "experts_touched": 40.2, "gbps": 44.77}
1791528988.150153080	{"backend": "vnni4", "threads": 16, "qlen": 16, "calls": 301, "ms_per_layer": 9.99, "ms_per_step": 229.8, "tok_per_s": 69.6, "experts_touched": 69.1, "gbps": 43.15}
1791528988.157650262	CPUInfer[0xccf68d0]: Goodbye
