1791528995.445854116	CPUInfer[0x28f29d40]: Hello
1791528995.449170894	WorkerPool[0x28f2a690] 1 subpools, [numa:threads][0:16] 
1791528995.452013599	===========In NumaPool============
1791528995.456194919	In Numa Worker Pool at NUMA 0, 16 threads
1791528996.177838456	TP MOE layer 0, pool: 0x28f2a690, expert num: 128, num_experts_per_tok: 6
1791528996.182332014	Created AVXVNNI256_GPTQ_INT4_PACKED_MOE_TP 0 at numa 0 (group_size=64, packed int4 resident)
1791528996.378072497	TP MOE layer 0, pool: 0x28f2a690, expert num: 128, num_experts_per_tok: 6
1791528996.384934011	Created AVXVNNI256_GPTQ_INT4_PACKED_MOE_TP 0 at numa 0 (group_size=64, packed int4 resident)
1791528996.541287437	TP MOE layer 0, pool: 0x28f2a690, expert num: 128, num_experts_per_tok: 6
1791528996.548214320	Created AVXVNNI256_GPTQ_INT4_PACKED_MOE_TP 0 at numa 0 (group_size=64, packed int4 resident)
1791528996.703417260	TP MOE layer 0, pool: 0x28f2a690, expert num: 128, num_experts_per_tok: 6
1791528996.710126814	Created AVXVNNI256_GPTQ_INT4_PACKED_MOE_TP 0 at numa 0 (group_size=64, packed int4 resident)
1791528999.956394319	{"backend": "vnni4", "threads": 16, "qlen": 1, "calls": 3178, "ms_per_layer": 0.944, "ms_per_step": 21.7, "tok_per_s": 46.1, "experts_touched": 6.0, "gbps": 39.63}
1791529002.963217844	{"backend": "vnni4", "threads": 16, "qlen": 2, "calls": 1610, "ms_per_layer": 1.864, "ms_per_step": 42.9, "tok_per_s": 46.7, "experts_touched": 11.8, "gbps": 39.32}
1791529006.040842746	{"backend": "vnni4", "threads": 16, "qlen": 4, "calls": 881, "ms_per_layer": 3.409, "ms_per_step": 78.4, "tok_per_s": 51.0, "experts_touched": 21.4, "gbps": 39.11}
1791529009.129815889	{"backend": "vnni4", "threads": 16, "qlen": 8, "calls": 453, "ms_per_layer": 6.624, "ms_per_step": 152.4, "tok_per_s": 52.5, "experts_touched": 41.5, "gbps": 39.07}
1791529012.259430772	{"backend": "vnni4", "threads": 16, "qlen": 16, "calls": 260, "ms_per_layer": 11.569, "ms_per_step": 266.1, "tok_per_s": 60.1, "experts_touched": 70.4, "gbps": 37.94}
1791529012.267922773	CPUInfer[0x28f29d40]: Goodbye
